Transaction Date,Account Number,Account Holder Name,Amount,Status
2025-03-01,7289-3445-1121,Maria Johnson,150.00,Settled
2025-03-02,1122-3456-7890,John Smith,75.50,Pending
2025-03-03,3344-5566-7788,Robert Chen,220.25,Settled
2025-03-04,8899-0011-2233,Sarah Williams,310.75,Failed
2025-03-04,9988-7766-5544,David Garcia,45.99,Pending
2025-03-05,2233-4455-6677,Emily Taylor,500.00,Settled
2025-03-06,1357-2468-9012,Michael Brown,99.95,Settled
2025-03-07,5551-2345-6789,Jennifer Lee,175.25,Pending
2025-03-08,7890-1234-5678,Thomas Wilson,62.50,Failed
2025-03-08,1212-3434-5656,Jessica Martin,830.00,Settled
2025-03-09,9876-5432-1011,Christopher Davis,124.75,Pending
2025-03-10,4646-8282-1919,Amanda Robinson,300.50,Settled
2026-08-08, 1234-5678-9100, Belle Abalos, 500, Pending
2026-08-08, 0987-6543-2100, Alyssa Abalos, 900, Settled
2026-08-08, 1999-9999-9999, Ariana Grande, 300.25, Failed
2026-08-08, 2345-0128-9763, John Doe, 75.5, Pending
2026-08-08, 1234-5678-0000, Test2, 500, Pending
2026-08-08, 4567-0000-2222, Burry, 400, Settled
2026-08-08, 1111-1111-1111, Papaya, 300, Failed
2026-08-08, 2222-2222-2222, Banana, 500, Settled
2026-08-08, 3547-2038-3030, Apple, 50, Pending
2026-08-08, 1234-9999-8888, Mango, 10, Pending
2026-08-08, 2939-3827-3736, Coconut, 200, Settled
2026-08-08, 9382-2638-2729, Cherry, 250.75, Pending
2026-08-08, 2382-8221-9882, Cherry2, 250.65, Settled
2026-08-08, 0918-2220-2839, Berry, 250.67, Failed
2026-08-08, 3727-2736-2635, Melon, 170, Settled
2026-08-08, 2838-8219-2932, Justin Bieber, 222, Settled
2026-08-08, 2838-8283-8228, Frank Ocean, 400, Pending
2026-08-08, 8382-8288-8282, Dog, 293, Settled
2026-08-08, 2828-3838-2882, Modal, 250, Pending
2026-08-08, 2727-2722-222, test2, 311, Pending
2026-08-08, 2883-8382-1822, Test3, 1828, Pending
2026-08-08, 2829-8383-8222, tst, 111, Pending
2026-08-08, 7373-3773-7373, Test4, 77, Pending
2026-08-08, 2828-2818-2818, Hello, 700, Pending
2026-08-08, 7777-7777-7777, Test, 181, Settled
2026-08-08, 2838-8383-8238, Alyanna, 100, Settled
2026-08-09, 2838-9212-9219, Meimei, 500, Pending
2026-08-09, 1939-2838-2828, Bluray, 192, Settled
2026-08-09, 2828-2838-3838, wwuwuw, 100, Pending
2026-08-09, 1929-2929-9292, wiiwiw, 100, Failed
2026-08-09, 0201, 1wiwi, 10, Pending
2026-08-09, 1234, Alyanna Abalos, 122, Settled